Workbook

Sheet Instructions
A1: CD-F1 · Current State Maturity Assessment Questionnaire
A2: Consumer Duty Implementation — Foundation Phase
A5: Purpose
A6: This questionnaire evaluates the firm's current maturity against the FCA Consumer Duty (PRIN 2A) across the Cross-Cutting Rules and the four Outcomes. It forms the baseline for the Gap Analysis Framework (CD-F1) and the wider Implementation Roadmap (CD-P3).
A8: How to use this workbook
A9: 1. Work through each outcome tab in turn. For every question, select a Maturity Score (1–5) from the drop-down in column D. 2. Record supporting evidence or rationale in column E — assessors should be able to justify every score. 3. The RAG Rating (column F) calculates automatically from the score. 4. Enter the Owner and Date Assessed in columns G and H. 5. Review the Summary Dashboard tab for an aggregated maturity picture and outcome-level RAG status.
A11: Maturity scale
A15: Score | B15: Definition
A16: 1 | B16: Absent / Ad hoc — No formal approach exists; activity, if any, is reactive and undocumented.
A17: 2 | B17: Developing — Basic approach exists but is inconsistent, undocumented, or not embedded across the firm.
A18: 3 | B18: Defined — A documented, approved approach exists and is applied in most areas, with some gaps in consistency.
A19: 4 | B19: Managed — Approach is embedded, consistently applied, monitored, and supported by MI.
A20: 5 | B20: Optimised — Approach is embedded, proactively reviewed, benchmarked, and continuously improved with strong evidence trail.
A22: RAG thresholds: Red = average score below 2.5 | Amber = 2.5–3.9 | Green = 4.0 and above

Sheet Summary Dashboard
A1: CD-F1 · Maturity Assessment Summary Dashboard
A2: Aggregated view — auto-calculates from the five assessment tabs
A4: Outcome / Cross-Cutting Area | B4: Average Score | C4: RAG Status | D4: Commentary
A5: Cross-Cutting Rules | B5: =IFERROR(AVERAGE('Cross-Cutting Rules'!D5:D11),"") | C5: =IF(B5="","",IF(B5<2.5,"Red",IF(B5<4,"Amber","Green")))
A6: Products & Services | B6: =IFERROR(AVERAGE('Products & Services'!D5:D11),"") | C6: =IF(B6="","",IF(B6<2.5,"Red",IF(B6<4,"Amber","Green")))
A7: Price and Value | B7: =IFERROR(AVERAGE('Price and Value'!D5:D11),"") | C7: =IF(B7="","",IF(B7<2.5,"Red",IF(B7<4,"Amber","Green")))
A8: Consumer Understanding | B8: =IFERROR(AVERAGE('Consumer Understanding'!D5:D11),"") | C8: =IF(B8="","",IF(B8<2.5,"Red",IF(B8<4,"Amber","Green")))
A9: Consumer Support | B9: =IFERROR(AVERAGE('Consumer Support'!D5:D11),"") | C9: =IF(B9="","",IF(B9<2.5,"Red",IF(B9<4,"Amber","Green")))
A11: Overall Firm Maturity | B11: =IFERROR(AVERAGE(B5:B9),"") | C11: =IF(B11="","",IF(B11<2.5,"Red",IF(B11<4,"Amber","Green")))
A13: Next step: transfer any Red/Amber areas into the Gap Analysis Framework (CD-F1) for root-cause analysis and remediation planning.

Sheet Cross-Cutting Rules
A1: CD-F1 · Maturity Assessment — Cross-Cutting Rules
A2: Score each statement 1 (Absent) to 5 (Optimised) using the drop-down provided
A4: Ref | B4: Assessment Question | D4: Maturity Score (1-5) | E4: Evidence / Rationale | F4: RAG | G4: Owner | H4: Date Assessed
A5: CR-01 | B5: The firm has a documented policy requiring all staff to act in good faith towards retail customers. | F5: =IF(D5="","",IF(D5<2.5,"Red",IF(D5<4,"Amber","Green")))
A6: CR-02 | B6: Processes exist to identify and prevent foreseeable harm across the product/service lifecycle. | F6: =IF(D6="","",IF(D6<2.5,"Red",IF(D6<4,"Amber","Green")))
A7: CR-03 | B7: The firm actively supports customers in pursuing their financial objectives (not just avoiding harm). | F7: =IF(D7="","",IF(D7<2.5,"Red",IF(D7<4,"Amber","Green")))
A8: CR-04 | B8: Cross-cutting rule requirements are embedded in policies, procedures, and training material. | F8: =IF(D8="","",IF(D8<2.5,"Red",IF(D8<4,"Amber","Green")))
A9: CR-05 | B9: Management information captures evidence of good faith, harm avoidance, and customer support in practice. | F9: =IF(D9="","",IF(D9<2.5,"Red",IF(D9<4,"Amber","Green")))
A10: CR-06 | B10: Root cause analysis on complaints/incidents explicitly considers cross-cutting rule breaches. | F10: =IF(D10="","",IF(D10<2.5,"Red",IF(D10<4,"Amber","Green")))
A11: CR-07 | B11: The Board/Governing Body receives regular assurance on cross-cutting rule compliance. | F11: =IF(D11="","",IF(D11<2.5,"Red",IF(D11<4,"Amber","Green")))
A13: Average Maturity Score | D13: =IFERROR(AVERAGE(D5:D11),"") | F13: =IF(D13="","",IF(D13<2.5,"Red",IF(D13<4,"Amber","Green")))

Sheet Products & Services
A1: CD-F1 · Maturity Assessment — Products & Services
A2: Score each statement 1 (Absent) to 5 (Optimised) using the drop-down provided
A4: Ref | B4: Assessment Question | D4: Maturity Score (1-5) | E4: Evidence / Rationale | F4: RAG | G4: Owner | H4: Date Assessed
A5: P&S-01 | B5: Target markets are defined at a sufficiently granular level for every product/service. | F5: =IF(D5="","",IF(D5<2.5,"Red",IF(D5<4,"Amber","Green")))
A6: P&S-02 | B6: Product approval processes formally assess Consumer Duty outcomes before launch. | F6: =IF(D6="","",IF(D6<2.5,"Red",IF(D6<4,"Amber","Green")))
A7: P&S-03 | B7: Distribution strategies are reviewed to ensure products reach the intended target market. | F7: =IF(D7="","",IF(D7<2.5,"Red",IF(D7<4,"Amber","Green")))
A8: P&S-04 | B8: Products are tested against foreseeable customer needs, including those of vulnerable customers. | F8: =IF(D8="","",IF(D8<2.5,"Red",IF(D8<4,"Amber","Green")))
A9: P&S-05 | B9: A negative target market is defined and monitored for each relevant product. | F9: =IF(D9="","",IF(D9<2.5,"Red",IF(D9<4,"Amber","Green")))
A10: P&S-06 | B10: Closed/legacy products are reviewed against current Consumer Duty standards. | F10: =IF(D10="","",IF(D10<2.5,"Red",IF(D10<4,"Amber","Green")))
A11: P&S-07 | B11: Product performance data is used to identify products no longer meeting customer needs. | F11: =IF(D11="","",IF(D11<2.5,"Red",IF(D11<4,"Amber","Green")))
A13: Average Maturity Score | D13: =IFERROR(AVERAGE(D5:D11),"") | F13: =IF(D13="","",IF(D13<2.5,"Red",IF(D13<4,"Amber","Green")))

Sheet Price and Value
A1: CD-F1 · Maturity Assessment — Price and Value
A2: Score each statement 1 (Absent) to 5 (Optimised) using the drop-down provided
A4: Ref | B4: Assessment Question | D4: Maturity Score (1-5) | E4: Evidence / Rationale | F4: RAG | G4: Owner | H4: Date Assessed
A5: PAV-01 | B5: A Fair Value Assessment (FVA) framework is documented and consistently applied. | F5: =IF(D5="","",IF(D5<2.5,"Red",IF(D5<4,"Amber","Green")))
A6: PAV-02 | B6: Price benchmarking is performed against comparable products/services in the market. | F6: =IF(D6="","",IF(D6<2.5,"Red",IF(D6<4,"Amber","Green")))
A7: PAV-03 | B7: Value for money assessments consider both monetary and non-monetary benefits. | F7: =IF(D7="","",IF(D7<2.5,"Red",IF(D7<4,"Amber","Green")))
A8: PAV-04 | B8: Differential pricing/outcomes across customer groups are identified and justified. | F8: =IF(D8="","",IF(D8<2.5,"Red",IF(D8<4,"Amber","Green")))
A9: PAV-05 | B9: Fair Value Assessments are refreshed on a defined, risk-based schedule. | F9: =IF(D9="","",IF(D9<2.5,"Red",IF(D9<4,"Amber","Green")))
A10: PAV-06 | B10: Governance exists to challenge and approve Fair Value Assessment outcomes. | F10: =IF(D10="","",IF(D10<2.5,"Red",IF(D10<4,"Amber","Green")))
A11: PAV-07 | B11: Remediation action is taken promptly where products are found not to offer fair value. | F11: =IF(D11="","",IF(D11<2.5,"Red",IF(D11<4,"Amber","Green")))
A13: Average Maturity Score | D13: =IFERROR(AVERAGE(D5:D11),"") | F13: =IF(D13="","",IF(D13<2.5,"Red",IF(D13<4,"Amber","Green")))

Sheet Consumer Understanding
A1: CD-F1 · Maturity Assessment — Consumer Understanding
A2: Score each statement 1 (Absent) to 5 (Optimised) using the drop-down provided
A4: Ref | B4: Assessment Question | D4: Maturity Score (1-5) | E4: Evidence / Rationale | F4: RAG | G4: Owner | H4: Date Assessed
A5: CU-01 | B5: Customer communications are tested for clarity, comprehension, and tone prior to launch. | F5: =IF(D5="","",IF(D5<2.5,"Red",IF(D5<4,"Amber","Green")))
A6: CU-02 | B6: A plain language standard/checklist is applied consistently across communications. | F6: =IF(D6="","",IF(D6<2.5,"Red",IF(D6<4,"Amber","Green")))
A7: CU-03 | B7: Readability testing is performed on key customer documents. | F7: =IF(D7="","",IF(D7<2.5,"Red",IF(D7<4,"Amber","Green")))
A8: CU-04 | B8: Behavioural insights/testing inform the design of customer communications. | F8: =IF(D8="","",IF(D8<2.5,"Red",IF(D8<4,"Amber","Green")))
A9: CU-05 | B9: Customer journeys are mapped to identify points of potential misunderstanding. | F9: =IF(D9="","",IF(D9<2.5,"Red",IF(D9<4,"Amber","Green")))
A10: CU-06 | B10: Marketing material is reviewed for consistency with Consumer Duty communication standards. | F10: =IF(D10="","",IF(D10<2.5,"Red",IF(D10<4,"Amber","Green")))
A11: CU-07 | B11: Customer comprehension is measured directly (e.g., surveys, testing) rather than assumed. | F11: =IF(D11="","",IF(D11<2.5,"Red",IF(D11<4,"Amber","Green")))
A13: Average Maturity Score | D13: =IFERROR(AVERAGE(D5:D11),"") | F13: =IF(D13="","",IF(D13<2.5,"Red",IF(D13<4,"Amber","Green")))

Sheet Consumer Support
A1: CD-F1 · Maturity Assessment — Consumer Support
A2: Score each statement 1 (Absent) to 5 (Optimised) using the drop-down provided
A4: Ref | B4: Assessment Question | D4: Maturity Score (1-5) | E4: Evidence / Rationale | F4: RAG | G4: Owner | H4: Date Assessed
A5: CS-01 | B5: Customer support standards are defined and consistently monitored. | F5: =IF(D5="","",IF(D5<2.5,"Red",IF(D5<4,"Amber","Green")))
A6: CS-02 | B6: The firm actively identifies and removes barriers to customers pursuing their financial interests (no sludge practices). | F6: =IF(D6="","",IF(D6<2.5,"Red",IF(D6<4,"Amber","Green")))
A7: CS-03 | B7: Complaints are analysed for root cause and thematic trends relevant to Consumer Duty. | F7: =IF(D7="","",IF(D7<2.5,"Red",IF(D7<4,"Amber","Green")))
A8: CS-04 | B8: Support channels are assessed for accessibility and appropriateness across the customer base. | F8: =IF(D8="","",IF(D8<2.5,"Red",IF(D8<4,"Amber","Green")))
A9: CS-05 | B9: Customer satisfaction with support is measured and acted upon. | F9: =IF(D9="","",IF(D9<2.5,"Red",IF(D9<4,"Amber","Green")))
A10: CS-06 | B10: Processes exist for customers to exit products/services as easily as they entered them. | F10: =IF(D10="","",IF(D10<2.5,"Red",IF(D10<4,"Amber","Green")))
A11: CS-07 | B11: Support performance for vulnerable customers is specifically monitored. | F11: =IF(D11="","",IF(D11<2.5,"Red",IF(D11<4,"Amber","Green")))
A13: Average Maturity Score | D13: =IFERROR(AVERAGE(D5:D11),"") | F13: =IF(D13="","",IF(D13<2.5,"Red",IF(D13<4,"Amber","Green")))
