Workbook

Sheet Instructions
A1: CD-P3 · Implementation Roadmap
A2: Consumer Duty Implementation — Programme Delivery
A4: Purpose
A5: This roadmap sequences the workstreams and milestones required to embed Consumer Duty across the firm, consolidating outputs from the Gap Analysis Framework (CD-F1) and Priority Matrix & Action Plan (CD-F3) into a single delivery timeline.
A7: How to use this workbook
A8: 1. Complete one row per workstream/milestone in the Roadmap tab. 2. Enter Start and End dates — the Gantt tab shading updates automatically to reflect the monthly view. 3. Update % Complete and Status as delivery progresses. 4. Review the Gantt tab for an at-a-glance view of programme timing and overlaps.
A10: Note
A11: The Gantt view covers a 12-month rolling window from the programme start date entered in cell B3 of the Gantt tab. Adjust this date to re-baseline the view.

Sheet Roadmap
A1: CD-P3 · Implementation Roadmap
A2: Workstreams and milestones — feeds the Gantt view automatically
A4: Ref | B4: Workstream | C4: Milestone / Deliverable | D4: Start Date | E4: End Date | F4: % Complete | G4: Status | H4: Owner
A5: RM-01 | B5: Foundation | C5: Complete Current State Maturity Assessment (CD-F1) | D5: 2026-01-05 | E5: 2026-02-13 | F5: 1 | G5: Complete
A6: RM-02 | B6: Foundation | C6: Complete Gap Analysis & Priority Matrix (CD-F1/F3) | D6: 2026-02-16 | E6: 2026-03-27 | F6: 1 | G6: Complete
A7: RM-03 | B7: Governance | C7: Establish Consumer Duty Oversight Committee (CD-P1) | D7: 2026-01-19 | E7: 2026-02-27 | F7: 0.9 | G7: On Track
A8: RM-04 | B8: Governance | C8: Approve RACI and Decision Authority Matrices (CD-P1) | D8: 2026-03-02 | E8: 2026-03-20 | F8: 0.5 | G8: In Progress
A9: RM-05 | B9: Products & Services | C9: Complete target market definitions for all products (CD-I1) | D9: 2026-03-02 | E9: 2026-05-01 | F9: 0.4 | G9: On Track
A10: RM-06 | B10: Price & Value | C10: Roll out Fair Value Assessment Framework (CD-I2) | D10: 2026-04-06 | E10: 2026-06-26 | F10: 0.1 | G10: Not Started
A11: RM-07 | B11: Consumer Understanding | C11: Implement communication testing protocol (CD-I3) | D11: 2026-05-04 | E11: 2026-07-31 | F11: 0 | G11: Not Started
A12: RM-08 | B12: Consumer Support | C12: Deploy vulnerable customer identification model (CD-I5) | D12: 2026-06-01 | E12: 2026-09-25 | F12: 0 | G12: Not Started
A13: RM-09 | B13: Monitoring | C13: Build Consumer Duty outcomes MI dashboard (CD-M1) | D13: 2026-07-06 | E13: 2026-09-11 | F13: 0 | G13: Not Started
A14: RM-10 | B14: Training | C14: Deliver role-based Consumer Duty training (CD-T1) | D14: 2026-08-03 | E14: 2026-10-30 | F14: 0 | G14: Not Started
A15: RM-11 | B15: Governance | C15: Prepare first Annual Consumer Duty Board Report (CD-M3) | D15: 2026-10-05 | E15: 2026-12-18 | F15: 0 | G15: Not Started

Sheet Gantt View
A1: CD-P3 · Roadmap Gantt View
A2: Monthly view auto-shaded from Start/End dates in the Roadmap tab
A3: Programme Start | B3: 46023
A4: Milestone | B4: =EDATE($B$3,0) -> 46023 | C4: =EDATE($B$3,1) -> 46054 | D4: =EDATE($B$3,2) -> 46082 | E4: =EDATE($B$3,3) -> 46113 | F4: =EDATE($B$3,4) -> 46143 | G4: =EDATE($B$3,5) -> 46174 | H4: =EDATE($B$3,6) -> 46204 | I4: =EDATE($B$3,7) -> 46235 | J4: =EDATE($B$3,8) -> 46266 | K4: =EDATE($B$3,9) -> 46296 | L4: =EDATE($B$3,10) -> 46327 | M4: =EDATE($B$3,11) -> 46357
A5: =Roadmap!C5 -> Complete Current State Maturity Assessment (CD-F1)
A6: =Roadmap!C6 -> Complete Gap Analysis & Priority Matrix (CD-F1/F3)
A7: =Roadmap!C7 -> Establish Consumer Duty Oversight Committee (CD-P1)
A8: =Roadmap!C8 -> Approve RACI and Decision Authority Matrices (CD-P1)
A9: =Roadmap!C9 -> Complete target market definitions for all products (CD-I1)
A10: =Roadmap!C10 -> Roll out Fair Value Assessment Framework (CD-I2)
A11: =Roadmap!C11 -> Implement communication testing protocol (CD-I3)
A12: =Roadmap!C12 -> Deploy vulnerable customer identification model (CD-I5)
A13: =Roadmap!C13 -> Build Consumer Duty outcomes MI dashboard (CD-M1)
A14: =Roadmap!C14 -> Deliver role-based Consumer Duty training (CD-T1)
A15: =Roadmap!C15 -> Prepare first Annual Consumer Duty Board Report (CD-M3)
A17: Blue shading indicates the milestone is active during that month, calculated from the Start/End dates in the Roadmap tab.
