Workbook

Sheet Instructions
A1: CD-P3 · Budget Template
A2: Consumer Duty Implementation — Programme Delivery
A4: Purpose
A5: This template tracks budgeted vs actual spend for the Consumer Duty implementation programme by workstream and cost category, supporting the Implementation Roadmap (CD-P3) and Resource Allocation Plan (CD-P3).
A7: How to use this workbook
A8: 1. Complete one row per budget line in the Budget Tracker. 2. Enter the Budgeted amount and update Actual Spend to Date monthly. 3. Variance and % Utilised calculate automatically. 4. Review the Summary tab for total programme spend against budget.
A10: Cost categories
A11: People — internal staff time and contractor/consultant costs. Technology — system builds, MI dashboards, data tooling. Training — content development and delivery. External Advisory — legal, regulatory, or specialist consultancy. Other — printing, communications, miscellaneous.

Sheet Summary
A1: CD-P3 · Budget Summary by Category
A2: Auto-calculates from the Budget Tracker
A4: Cost Category | B4: Total Budgeted (£)
A5: People | B5: =SUMIF('Budget Tracker'!C5:C13,A5,'Budget Tracker'!D5:D13) -> 165000
A6: Technology | B6: =SUMIF('Budget Tracker'!C5:C13,A6,'Budget Tracker'!D5:D13) -> 240000
A7: Training | B7: =SUMIF('Budget Tracker'!C5:C13,A7,'Budget Tracker'!D5:D13) -> 35000
A8: External Advisory | B8: =SUMIF('Budget Tracker'!C5:C13,A8,'Budget Tracker'!D5:D13) -> 70000
A9: Other | B9: =SUMIF('Budget Tracker'!C5:C13,A9,'Budget Tracker'!D5:D13) -> 15000
A11: Budget lines showing over 100% utilisation should be escalated immediately to the programme sponsor.

Sheet Budget Tracker
A1: CD-P3 · Budget Tracker
A2: Budgeted vs actual spend by workstream — variance and utilisation calculate automatically
A4: Ref | B4: Workstream | C4: Cost Category | D4: Budgeted (£) | E4: Actual Spend to Date (£) | F4: Variance (£) | G4: % Utilised | H4: Owner
A5: BUD-01 | B5: Foundation | C5: People | D5: 45000 | E5: 44000 | F5: =D5-E5 -> 1000 | G5: =IFERROR(E5/D5,0) -> 0.97777778
A6: BUD-02 | B6: Governance | C6: External Advisory | D6: 30000 | E6: 18000 | F6: =D6-E6 -> 12000 | G6: =IFERROR(E6/D6,0) -> 0.6
A7: BUD-03 | B7: Products & Services | C7: People | D7: 120000 | E7: 55000 | F7: =D7-E7 -> 65000 | G7: =IFERROR(E7/D7,0) -> 0.45833333
A8: BUD-04 | B8: Price & Value | C8: Technology | D8: 60000 | E8: 12000 | F8: =D8-E8 -> 48000 | G8: =IFERROR(E8/D8,0) -> 0.2
A9: BUD-05 | B9: Consumer Understanding | C9: External Advisory | D9: 40000 | E9: 5000 | F9: =D9-E9 -> 35000 | G9: =IFERROR(E9/D9,0) -> 0.125
A10: BUD-06 | B10: Consumer Support | C10: Technology | D10: 85000 | E10: 8000 | F10: =D10-E10 -> 77000 | G10: =IFERROR(E10/D10,0) -> 0.094117647
A11: BUD-07 | B11: Monitoring | C11: Technology | D11: 95000 | E11: 15000 | F11: =D11-E11 -> 80000 | G11: =IFERROR(E11/D11,0) -> 0.15789474
A12: BUD-08 | B12: Training | C12: Training | D12: 35000 | E12: 2000 | F12: =D12-E12 -> 33000 | G12: =IFERROR(E12/D12,0) -> 0.057142857
A13: BUD-09 | B13: Programme-wide | C13: Other | D13: 15000 | E13: 4000 | F13: =D13-E13 -> 11000 | G13: =IFERROR(E13/D13,0) -> 0.26666667
B15: TOTAL | D15: =SUM(D5:D13) -> 525000 | E15: =SUM(E5:E13) -> 163000 | F15: =SUM(F5:F13) -> 362000 | G15: =IFERROR(E15/D15,0) -> 0.31047619
