Workbook

Sheet Instructions
A1: CD-F3 · Priority Matrix & Action Plan
A2: Consumer Duty Implementation — Foundation Phase
A4: Purpose
A5: This tool converts the outputs of the Gap Analysis Framework (CD-F1) and Risk & Impact Assessment (CD-F3) into a single prioritised action plan, using an Impact vs Effort matrix to sequence remediation and feed the Implementation Roadmap (CD-P3).
A7: How to use this workbook
A8: 1. List each item (gap or risk) in the Priority Matrix tab, scoring Impact and Effort 1–5 — Priority calculates automatically. 2. Review the Priority Grid tab, which plots every item automatically (Effort on X axis, Impact on Y axis). 3. Transfer prioritised items into the Action Plan tab with owner, milestones, and target dates. 4. Track status through to completion; RAG calculates from status and target date.
A10: Priority logic
A11: Quick Win (high impact, low effort) — sequence first. Major Project (high impact, high effort) — sequence with adequate resourcing and governance. Fill-In (low impact, low effort) — opportunistic, lower sequencing priority. Deprioritise (low impact, high effort) — reassess necessity before committing resource.

Sheet Summary
A1: CD-F3 · Priority & Action Summary
A2: Auto-calculates from the Priority Matrix and Action Plan
A4: By Priority Quadrant
A5: Quadrant | B5: Count
A6: Quick Win | B6: =COUNTIF('Priority Matrix'!G5:G12,A6) -> 1
A7: Major Project | B7: =COUNTIF('Priority Matrix'!G5:G12,A7) -> 4
A8: Fill-In | B8: =COUNTIF('Priority Matrix'!G5:G12,A8) -> 2
A9: Deprioritise | B9: =COUNTIF('Priority Matrix'!G5:G12,A9) -> 1
A11: By Action Status
A12: Status | B12: Count
A13: Not Started | B13: =COUNTIF('Action Plan'!G5:G20,A13) -> 0
A14: In Progress | B14: =COUNTIF('Action Plan'!G5:G20,A14) -> 0
A15: Blocked | B15: =COUNTIF('Action Plan'!G5:G20,A15) -> 0
A16: Complete | B16: =COUNTIF('Action Plan'!G5:G20,A16) -> 0
A18: Quick Wins should be sequenced first; Major Projects feed the Implementation Roadmap (CD-P3) and Resource Allocation Plan (CD-P3).

Sheet Priority Matrix
A1: CD-F3 · Impact vs Effort Priority Matrix
A2: Score Impact and Effort 1 (Low) to 5 (High) — Priority calculates automatically
A4: Ref | B4: Source Ref (Gap/Risk) | C4: Item Description | D4: Outcome / Area | E4: Impact (1-5) | F4: Effort (1-5) | G4: Priority | H4: Owner
A5: PRI-01 | B5: CD-GAP-01 | C5: Standardise the Fair Value Assessment framework across all products. | D5: Price and Value | E5: 5 | F5: 3 | G5: =IF(OR(E5="",F5=""),"",IF(AND(E5>=4,F5<=2),"Quick Win",IF(AND(E5>=4,F5>=3),"Major Project",IF(AND(E5<=3,F5<=2),"Fill-In","Deprioritise")))) -> Major Project
A6: PRI-02 | B6: CD-GAP-02 | C6: Build a consolidated Consumer Duty outcomes MI pack for the Board. | D6: Governance and MI | E6: 5 | F6: 3 | G6: =IF(OR(E6="",F6=""),"",IF(AND(E6>=4,F6<=2),"Quick Win",IF(AND(E6>=4,F6>=3),"Major Project",IF(AND(E6<=3,F6<=2),"Fill-In","Deprioritise")))) -> Major Project
A7: PRI-03 | B7: CD-GAP-03 | C7: Implement a centralised vulnerable customer identification process. | D7: Consumer Support | E7: 5 | F7: 4 | G7: =IF(OR(E7="",F7=""),"",IF(AND(E7>=4,F7<=2),"Quick Win",IF(AND(E7>=4,F7>=3),"Major Project",IF(AND(E7<=3,F7<=2),"Fill-In","Deprioritise")))) -> Major Project
A8: PRI-04 | B8: CD-GAP-04 | C8: Standardise foreseeable harm assessment in product approval. | D8: Products and Services | E8: 4 | F8: 2 | G8: =IF(OR(E8="",F8=""),"",IF(AND(E8>=4,F8<=2),"Quick Win",IF(AND(E8>=4,F8>=3),"Major Project",IF(AND(E8<=3,F8<=2),"Fill-In","Deprioritise")))) -> Quick Win
A9: PRI-05 | B9: CD-GAP-07 | C9: Introduce real-time distribution monitoring against target market. | D9: Products and Services | E9: 3 | F9: 4 | G9: =IF(OR(E9="",F9=""),"",IF(AND(E9>=4,F9<=2),"Quick Win",IF(AND(E9>=4,F9>=3),"Major Project",IF(AND(E9<=3,F9<=2),"Fill-In","Deprioritise")))) -> Deprioritise
A10: PRI-06 | B10: CD-GAP-09 | C10: Introduce readability and comprehension testing for communications. | D10: Consumer Understanding | E10: 3 | F10: 2 | G10: =IF(OR(E10="",F10=""),"",IF(AND(E10>=4,F10<=2),"Quick Win",IF(AND(E10>=4,F10>=3),"Major Project",IF(AND(E10<=3,F10<=2),"Fill-In","Deprioritise")))) -> Fill-In
A11: PRI-07 | B11: CD-GAP-12 | C11: Remove barriers to switching/cancelling identified in the sludge audit. | D11: Consumer Support | E11: 4 | F11: 3 | G11: =IF(OR(E11="",F11=""),"",IF(AND(E11>=4,F11<=2),"Quick Win",IF(AND(E11>=4,F11>=3),"Major Project",IF(AND(E11<=3,F11<=2),"Fill-In","Deprioritise")))) -> Major Project
A12: PRI-08 | B12: CD-GAP-05 | C12: Document how the firm supports customers' financial objectives. | D12: Cross-Cutting Rules | E12: 3 | F12: 2 | G12: =IF(OR(E12="",F12=""),"",IF(AND(E12>=4,F12<=2),"Quick Win",IF(AND(E12>=4,F12>=3),"Major Project",IF(AND(E12<=3,F12<=2),"Fill-In","Deprioritise")))) -> Fill-In

Sheet Priority Grid
A1: CD-F3 · Impact / Effort Grid
A2: Auto-plots every item from the Priority Matrix — Effort (X axis) vs Impact (Y axis)
A4: Item | B4: Effort (X) | C4: Impact (Y)
A5: ='Priority Matrix'!C5 -> Standardise the Fair Value Assessment framework across all products. | B5: ='Priority Matrix'!F5 -> 3 | C5: ='Priority Matrix'!E5 -> 5
A6: ='Priority Matrix'!C6 -> Build a consolidated Consumer Duty outcomes MI pack for the Board. | B6: ='Priority Matrix'!F6 -> 3 | C6: ='Priority Matrix'!E6 -> 5
A7: ='Priority Matrix'!C7 -> Implement a centralised vulnerable customer identification process. | B7: ='Priority Matrix'!F7 -> 4 | C7: ='Priority Matrix'!E7 -> 5
A8: ='Priority Matrix'!C8 -> Standardise foreseeable harm assessment in product approval. | B8: ='Priority Matrix'!F8 -> 2 | C8: ='Priority Matrix'!E8 -> 4
A9: ='Priority Matrix'!C9 -> Introduce real-time distribution monitoring against target market. | B9: ='Priority Matrix'!F9 -> 4 | C9: ='Priority Matrix'!E9 -> 3
A10: ='Priority Matrix'!C10 -> Introduce readability and comprehension testing for communications. | B10: ='Priority Matrix'!F10 -> 2 | C10: ='Priority Matrix'!E10 -> 3
A11: ='Priority Matrix'!C11 -> Remove barriers to switching/cancelling identified in the sludge audit. | B11: ='Priority Matrix'!F11 -> 3 | C11: ='Priority Matrix'!E11 -> 4
A12: ='Priority Matrix'!C12 -> Document how the firm supports customers' financial objectives. | B12: ='Priority Matrix'!F12 -> 2 | C12: ='Priority Matrix'!E12 -> 3
A14: Quadrants (informal): top-left = Quick Win · top-right = Major Project · bottom-left = Fill-In · bottom-right = Deprioritise.

Sheet Action Plan
A1: CD-F3 · Action Plan Tracker
A2: Sequenced actions from the Priority Matrix, tracked through to completion
A4: Ref | B4: Priority Ref | C4: Action | D4: Owner | E4: Start Date | F4: Target Date | G4: Status | H4: RAG
A5: ACT-01 | H5: =IF(G5="","",IF(G5="Complete","Green",IF(G5="Blocked","Red",IF(AND(F5<>"",F5<TODAY(),G5<>"Complete"),"Red","Amber"))))
A6: ACT-02 | H6: =IF(G6="","",IF(G6="Complete","Green",IF(G6="Blocked","Red",IF(AND(F6<>"",F6<TODAY(),G6<>"Complete"),"Red","Amber"))))
A7: ACT-03 | H7: =IF(G7="","",IF(G7="Complete","Green",IF(G7="Blocked","Red",IF(AND(F7<>"",F7<TODAY(),G7<>"Complete"),"Red","Amber"))))
A8: ACT-04 | H8: =IF(G8="","",IF(G8="Complete","Green",IF(G8="Blocked","Red",IF(AND(F8<>"",F8<TODAY(),G8<>"Complete"),"Red","Amber"))))
A9: ACT-05 | H9: =IF(G9="","",IF(G9="Complete","Green",IF(G9="Blocked","Red",IF(AND(F9<>"",F9<TODAY(),G9<>"Complete"),"Red","Amber"))))
A10: ACT-06 | H10: =IF(G10="","",IF(G10="Complete","Green",IF(G10="Blocked","Red",IF(AND(F10<>"",F10<TODAY(),G10<>"Complete"),"Red","Amber"))))
A11: ACT-07 | H11: =IF(G11="","",IF(G11="Complete","Green",IF(G11="Blocked","Red",IF(AND(F11<>"",F11<TODAY(),G11<>"Complete"),"Red","Amber"))))
A12: ACT-08 | H12: =IF(G12="","",IF(G12="Complete","Green",IF(G12="Blocked","Red",IF(AND(F12<>"",F12<TODAY(),G12<>"Complete"),"Red","Amber"))))
A13: ACT-09 | H13: =IF(G13="","",IF(G13="Complete","Green",IF(G13="Blocked","Red",IF(AND(F13<>"",F13<TODAY(),G13<>"Complete"),"Red","Amber"))))
A14: ACT-10 | H14: =IF(G14="","",IF(G14="Complete","Green",IF(G14="Blocked","Red",IF(AND(F14<>"",F14<TODAY(),G14<>"Complete"),"Red","Amber"))))
A15: ACT-11 | H15: =IF(G15="","",IF(G15="Complete","Green",IF(G15="Blocked","Red",IF(AND(F15<>"",F15<TODAY(),G15<>"Complete"),"Red","Amber"))))
A16: ACT-12 | H16: =IF(G16="","",IF(G16="Complete","Green",IF(G16="Blocked","Red",IF(AND(F16<>"",F16<TODAY(),G16<>"Complete"),"Red","Amber"))))
... A20: ACT-16 | H20: =IF(G20="","",IF(G20="Complete","Green",IF(G20="Blocked","Red",IF(AND(F20<>"",F20<TODAY(),G20<>"Complete"),"Red","Amber"))))
