Workbook

Sheet Instructions
A1: CD-F3 · Risk & Impact Assessment Template
A2: Consumer Duty Implementation — Foundation Phase
A4: Purpose
A5: This template assesses the likelihood and impact of risks to good customer outcomes identified through the Maturity Assessment (CD-F1) and Gap Analysis (CD-F1), producing an inherent and residual risk score that feeds the Priority Matrix & Action Plan (CD-F3).
A7: How to use this workbook
A8: 1. Log each risk in the Risk Register — one risk per row, linked to a Gap Ref where applicable. 2. Score inherent Likelihood and Impact (1–5) before controls; the Inherent Score and Rating calculate automatically. 3. Describe existing controls and rate their effectiveness. 4. Score residual Likelihood and Impact (after controls); the Residual Score and Rating calculate automatically. 5. Review the Risk Heat Map tab for a visual distribution of residual risk.
A10: Scoring guide
A11: Likelihood: 1 = Rare, 2 = Unlikely, 3 = Possible, 4 = Likely, 5 = Almost Certain. Impact: 1 = Negligible customer/regulatory impact, 2 = Minor, 3 = Moderate, 4 = Major, 5 = Severe (widespread customer harm or significant regulatory action). Rating bands: Score 1–6 = Low, 7–14 = Medium, 15–19 = High, 20–25 = Critical.

Sheet Summary
A1: CD-F3 · Risk Summary
A2: Inherent vs residual risk profile — auto-calculates from the Risk Register
A4: Rating | B4: Inherent Count | C4: Residual Count
A5: Critical | B5: =COUNTIF('Risk Register'!H5:H11,A5) -> 2 | C5: =COUNTIF('Risk Register'!N5:N11,A5) -> 0
A6: High | B6: =COUNTIF('Risk Register'!H5:H11,A6) -> 1 | C6: =COUNTIF('Risk Register'!N5:N11,A6) -> 1
A7: Medium | B7: =COUNTIF('Risk Register'!H5:H11,A7) -> 4 | C7: =COUNTIF('Risk Register'!N5:N11,A7) -> 5
A8: Low | B8: =COUNTIF('Risk Register'!H5:H11,A8) -> 0 | C8: =COUNTIF('Risk Register'!N5:N11,A8) -> 1
A10: Risks rated Critical or High (residual) should be prioritised in the Priority Matrix & Action Plan (CD-F3).

Sheet Risk Register
A1: CD-F3 · Consumer Duty Risk & Impact Assessment
A2: Inherent risk (before controls) and residual risk (after controls) — auto-scored
A4: Ref | B4: Linked Gap Ref | C4: Risk Description | D4: Outcome / Area | E4: Inh. Likeli- hood | F4: Inh. Impact | G4: Inherent Score | H4: Inherent Rating | I4: Existing Controls | J4: Control Effectiveness | K4: Res. Likeli- hood | L4: Res. Impact | M4: Residual Score | N4: Residual Rating | O4: Owner | P4: Review Date
A5: RISK-01 | B5: CD-GAP-01 | C5: Inconsistent Fair Value Assessments could result in customers being charged unfairly. | D5: Price and Value | E5: 4 | F5: 4 | G5: =IF(OR(E5="",F5=""),"",E5*F5) -> 16 | H5: =IF(G5="","",IF(G5<=6,"Low",IF(G5<=14,"Medium",IF(G5<=19,"High","Critical")))) -> High | I5: Manual FVA review by product owners; no central QA. | J5: Partially Effective | K5: 3 | L5: 3 | M5: =IF(OR(K5="",L5=""),"",K5*L5) -> 9 | N5: =IF(M5="","",IF(M5<=6,"Low",IF(M5<=14,"Medium",IF(M5<=19,"High","Critical")))) -> Medium
A6: RISK-02 | B6: CD-GAP-02 | C6: Insufficient outcomes MI could mean poor customer outcomes go undetected by the Board. | D6: Governance and MI | E6: 4 | F6: 5 | G6: =IF(OR(E6="",F6=""),"",E6*F6) -> 20 | H6: =IF(G6="","",IF(G6<=6,"Low",IF(G6<=14,"Medium",IF(G6<=19,"High","Critical")))) -> Critical | I6: Quarterly MI pack (limited metrics); Board escalation ad hoc. | J6: Partially Effective | K6: 3 | L6: 4 | M6: =IF(OR(K6="",L6=""),"",K6*L6) -> 12 | N6: =IF(M6="","",IF(M6<=6,"Low",IF(M6<=14,"Medium",IF(M6<=19,"High","Critical")))) -> Medium
A7: RISK-03 | B7: CD-GAP-03 | C7: Vulnerable customers may not be identified, resulting in inappropriate treatment. | D7: Consumer Support | E7: 4 | F7: 5 | G7: =IF(OR(E7="",F7=""),"",E7*F7) -> 20 | H7: =IF(G7="","",IF(G7<=6,"Low",IF(G7<=14,"Medium",IF(G7<=19,"High","Critical")))) -> Critical | I7: Front-line training (informal); no systematic flagging. | J7: Ineffective | K7: 4 | L7: 4 | M7: =IF(OR(K7="",L7=""),"",K7*L7) -> 16 | N7: =IF(M7="","",IF(M7<=6,"Low",IF(M7<=14,"Medium",IF(M7<=19,"High","Critical")))) -> High
A8: RISK-04 | B8: CD-GAP-04 | C8: Products may cause foreseeable harm not identified during design/approval. | D8: Products and Services | E8: 3 | F8: 4 | G8: =IF(OR(E8="",F8=""),"",E8*F8) -> 12 | H8: =IF(G8="","",IF(G8<=6,"Low",IF(G8<=14,"Medium",IF(G8<=19,"High","Critical")))) -> Medium | I8: Product approval checklist; harm assessment not standardised. | J8: Partially Effective | K8: 3 | L8: 3 | M8: =IF(OR(K8="",L8=""),"",K8*L8) -> 9 | N8: =IF(M8="","",IF(M8<=6,"Low",IF(M8<=14,"Medium",IF(M8<=19,"High","Critical")))) -> Medium
A9: RISK-05 | B9: CD-GAP-07 | C9: Distribution outside the target market could mean unsuitable products reach customers. | D9: Products and Services | E9: 3 | F9: 4 | G9: =IF(OR(E9="",F9=""),"",E9*F9) -> 12 | H9: =IF(G9="","",IF(G9<=6,"Low",IF(G9<=14,"Medium",IF(G9<=19,"High","Critical")))) -> Medium | I9: Annual distributor review; no real-time monitoring. | J9: Partially Effective | K9: 2 | L9: 3 | M9: =IF(OR(K9="",L9=""),"",K9*L9) -> 6 | N9: =IF(M9="","",IF(M9<=6,"Low",IF(M9<=14,"Medium",IF(M9<=19,"High","Critical")))) -> Low
A10: RISK-06 | B10: CD-GAP-09 | C10: Customers may not understand key communications, leading to poor decisions. | D10: Consumer Understanding | E10: 3 | F10: 3 | G10: =IF(OR(E10="",F10=""),"",E10*F10) -> 9 | H10: =IF(G10="","",IF(G10<=6,"Low",IF(G10<=14,"Medium",IF(G10<=19,"High","Critical")))) -> Medium | I10: Legal/compliance sign-off; no readability or comprehension testing. | J10: Partially Effective | K10: 3 | L10: 3 | M10: =IF(OR(K10="",L10=""),"",K10*L10) -> 9 | N10: =IF(M10="","",IF(M10<=6,"Low",IF(M10<=14,"Medium",IF(M10<=19,"High","Critical")))) -> Medium
A11: RISK-07 | B11: CD-GAP-12 | C11: Barriers to switching/cancelling ('sludge practices') could disadvantage customers. | D11: Consumer Support | E11: 3 | F11: 4 | G11: =IF(OR(E11="",F11=""),"",E11*F11) -> 12 | H11: =IF(G11="","",IF(G11<=6,"Low",IF(G11<=14,"Medium",IF(G11<=19,"High","Critical")))) -> Medium | I11: No specific controls identified. | J11: Not Yet Tested | K11: 3 | L11: 4 | M11: =IF(OR(K11="",L11=""),"",K11*L11) -> 12 | N11: =IF(M11="","",IF(M11<=6,"Low",IF(M11<=14,"Medium",IF(M11<=19,"High","Critical")))) -> Medium

Sheet Risk Heat Map
A1: CD-F3 · Residual Risk Heat Map
A2: 5x5 Likelihood/Impact grid — count of risks in each cell, from the Risk Register
A4: Likelihood \ Impact | B4: 1 | C4: 2 | D4: 3 | E4: 4 | F4: 5
A5: 5 | B5: =COUNTIFS('Risk Register'!$K$5:$K$11,5,'Risk Register'!$L$5:$L$11,1) -> 0 | C5: =COUNTIFS('Risk Register'!$K$5:$K$11,5,'Risk Register'!$L$5:$L$11,2) -> 0 | D5: =COUNTIFS('Risk Register'!$K$5:$K$11,5,'Risk Register'!$L$5:$L$11,3) -> 0 | E5: =COUNTIFS('Risk Register'!$K$5:$K$11,5,'Risk Register'!$L$5:$L$11,4) -> 0 | F5: =COUNTIFS('Risk Register'!$K$5:$K$11,5,'Risk Register'!$L$5:$L$11,5) -> 0
A6: 4 | B6: =COUNTIFS('Risk Register'!$K$5:$K$11,4,'Risk Register'!$L$5:$L$11,1) -> 0 | C6: =COUNTIFS('Risk Register'!$K$5:$K$11,4,'Risk Register'!$L$5:$L$11,2) -> 0 | D6: =COUNTIFS('Risk Register'!$K$5:$K$11,4,'Risk Register'!$L$5:$L$11,3) -> 0 | E6: =COUNTIFS('Risk Register'!$K$5:$K$11,4,'Risk Register'!$L$5:$L$11,4) -> 1 | F6: =COUNTIFS('Risk Register'!$K$5:$K$11,4,'Risk Register'!$L$5:$L$11,5) -> 0
A7: 3 | B7: =COUNTIFS('Risk Register'!$K$5:$K$11,3,'Risk Register'!$L$5:$L$11,1) -> 0 | C7: =COUNTIFS('Risk Register'!$K$5:$K$11,3,'Risk Register'!$L$5:$L$11,2) -> 0 | D7: =COUNTIFS('Risk Register'!$K$5:$K$11,3,'Risk Register'!$L$5:$L$11,3) -> 3 | E7: =COUNTIFS('Risk Register'!$K$5:$K$11,3,'Risk Register'!$L$5:$L$11,4) -> 2 | F7: =COUNTIFS('Risk Register'!$K$5:$K$11,3,'Risk Register'!$L$5:$L$11,5) -> 0
A8: 2 | B8: =COUNTIFS('Risk Register'!$K$5:$K$11,2,'Risk Register'!$L$5:$L$11,1) -> 0 | C8: =COUNTIFS('Risk Register'!$K$5:$K$11,2,'Risk Register'!$L$5:$L$11,2) -> 0 | D8: =COUNTIFS('Risk Register'!$K$5:$K$11,2,'Risk Register'!$L$5:$L$11,3) -> 1 | E8: =COUNTIFS('Risk Register'!$K$5:$K$11,2,'Risk Register'!$L$5:$L$11,4) -> 0 | F8: =COUNTIFS('Risk Register'!$K$5:$K$11,2,'Risk Register'!$L$5:$L$11,5) -> 0
A9: 1 | B9: =COUNTIFS('Risk Register'!$K$5:$K$11,1,'Risk Register'!$L$5:$L$11,1) -> 0 | C9: =COUNTIFS('Risk Register'!$K$5:$K$11,1,'Risk Register'!$L$5:$L$11,2) -> 0 | D9: =COUNTIFS('Risk Register'!$K$5:$K$11,1,'Risk Register'!$L$5:$L$11,3) -> 0 | E9: =COUNTIFS('Risk Register'!$K$5:$K$11,1,'Risk Register'!$L$5:$L$11,4) -> 0 | F9: =COUNTIFS('Risk Register'!$K$5:$K$11,1,'Risk Register'!$L$5:$L$11,5) -> 0
A11: Rows = Likelihood (1 Rare – 5 Almost Certain); Columns = Impact (1 Negligible – 5 Severe). Cell values are counts of residual risks scored at that combination.
