Workbook

Sheet Instructions
A1: CD-F1 · Stakeholder Landscape Map
A2: Consumer Duty Implementation — Foundation Phase
A4: Purpose
A5: This template identifies and maps the internal and external stakeholders relevant to the Consumer Duty programme, so that engagement effort is targeted appropriately using a Power/Interest grid.
A7: How to use this workbook
A8: 1. List every relevant stakeholder or stakeholder group in the Stakeholder Register. 2. Score Power and Interest from 1 (Low) to 5 (High) using the drop-downs. 3. The Quadrant and Engagement Strategy columns calculate automatically from these scores. 4. Review the Power/Interest Grid tab, which plots every stakeholder automatically from the register. 5. Use the Summary tab to check coverage across internal, regulatory, and customer-facing groups.
A10: Quadrant guide
A11: Manage Closely (high power, high interest) — Board, Senior Management Function holders, FCA. Keep Satisfied (high power, low interest) — Non-executive directors, external auditors. Keep Informed (low power, high interest) — Front-line staff, customer advocacy groups. Monitor (low power, low interest) — General suppliers, peripheral third parties.

Sheet Summary
A1: CD-F1 · Stakeholder Summary
A2: Coverage by category and quadrant — auto-calculates from the register
A4: By Category
A5: Category | B5: Count
A6: Regulator | B6: =COUNTIF('Stakeholder Register'!C5:C19,A6) -> 1
A7: Board/Governance | B7: =COUNTIF('Stakeholder Register'!C5:C19,A7) -> 3
A8: Internal - First Line | B8: =COUNTIF('Stakeholder Register'!C5:C19,A8) -> 3
A9: Internal - Second Line | B9: =COUNTIF('Stakeholder Register'!C5:C19,A9) -> 2
A10: Internal - Third Line | B10: =COUNTIF('Stakeholder Register'!C5:C19,A10) -> 1
A11: Customer | B11: =COUNTIF('Stakeholder Register'!C5:C19,A11) -> 1
A12: Third Party/Supplier | B12: =COUNTIF('Stakeholder Register'!C5:C19,A12) -> 2
A13: Other External | B13: =COUNTIF('Stakeholder Register'!C5:C19,A13) -> 2
A15: By Quadrant
A16: Quadrant | B16: Count
A17: Manage Closely | B17: =COUNTIF('Stakeholder Register'!F5:F19,A17) -> 9
A18: Keep Satisfied | B18: =COUNTIF('Stakeholder Register'!F5:F19,A18) -> 1
A19: Keep Informed | B19: =COUNTIF('Stakeholder Register'!F5:F19,A19) -> 4
A20: Monitor | B20: =COUNTIF('Stakeholder Register'!F5:F19,A20) -> 1
A22: Stakeholders in 'Manage Closely' should be prioritised in the Consumer Duty Communications Plan (CD-T2).

Sheet Stakeholder Register
A1: CD-F1 · Stakeholder Register
A2: Score Power and Interest 1 (Low) to 5 (High) — Quadrant and Strategy calculate automatically
A4: Ref | B4: Stakeholder / Group | C4: Category | D4: Power (1-5) | E4: Interest (1-5) | F4: Quadrant | G4: Engagement Strategy | H4: Owner
A5: SH-01 | B5: Financial Conduct Authority (FCA) | C5: Regulator | D5: 5 | E5: 4 | F5: =IF(OR(D5="",E5=""),"",IF(D5>=3,IF(E5>=3,"Manage Closely","Keep Satisfied"),IF(E5>=3,"Keep Informed","Monitor"))) -> Manage Closely | G5: =IF(F5="","",IF(F5="Manage Closely","Engage proactively; regular direct involvement",IF(F5="Keep Satisfied","Consult periodically; keep satisfied without over-engaging",IF(F5="Keep Informed","Communicate regularly; involve in relevant decisions","Monitor with minimal effort; light-touch updates")))) -> Engage proactively; regular direct involvement
A6: SH-02 | B6: Board of Directors | C6: Board/Governance | D6: 5 | E6: 5 | F6: =IF(OR(D6="",E6=""),"",IF(D6>=3,IF(E6>=3,"Manage Closely","Keep Satisfied"),IF(E6>=3,"Keep Informed","Monitor"))) -> Manage Closely | G6: =IF(F6="","",IF(F6="Manage Closely","Engage proactively; regular direct involvement",IF(F6="Keep Satisfied","Consult periodically; keep satisfied without over-engaging",IF(F6="Keep Informed","Communicate regularly; involve in relevant decisions","Monitor with minimal effort; light-touch updates")))) -> Engage proactively; regular direct involvement
A7: SH-03 | B7: Consumer Duty Oversight Committee | C7: Board/Governance | D7: 5 | E7: 5 | F7: =IF(OR(D7="",E7=""),"",IF(D7>=3,IF(E7>=3,"Manage Closely","Keep Satisfied"),IF(E7>=3,"Keep Informed","Monitor"))) -> Manage Closely | G7: =IF(F7="","",IF(F7="Manage Closely","Engage proactively; regular direct involvement",IF(F7="Keep Satisfied","Consult periodically; keep satisfied without over-engaging",IF(F7="Keep Informed","Communicate regularly; involve in relevant decisions","Monitor with minimal effort; light-touch updates")))) -> Engage proactively; regular direct involvement
A8: SH-04 | B8: Senior Management Function (SMF) Holders | C8: Board/Governance | D8: 5 | E8: 5 | F8: =IF(OR(D8="",E8=""),"",IF(D8>=3,IF(E8>=3,"Manage Closely","Keep Satisfied"),IF(E8>=3,"Keep Informed","Monitor"))) -> Manage Closely | G8: =IF(F8="","",IF(F8="Manage Closely","Engage proactively; regular direct involvement",IF(F8="Keep Satisfied","Consult periodically; keep satisfied without over-engaging",IF(F8="Keep Informed","Communicate regularly; involve in relevant decisions","Monitor with minimal effort; light-touch updates")))) -> Engage proactively; regular direct involvement
A9: SH-05 | B9: Compliance Function | C9: Internal - Second Line | D9: 3 | E9: 5 | F9: =IF(OR(D9="",E9=""),"",IF(D9>=3,IF(E9>=3,"Manage Closely","Keep Satisfied"),IF(E9>=3,"Keep Informed","Monitor"))) -> Manage Closely | G9: =IF(F9="","",IF(F9="Manage Closely","Engage proactively; regular direct involvement",IF(F9="Keep Satisfied","Consult periodically; keep satisfied without over-engaging",IF(F9="Keep Informed","Communicate regularly; involve in relevant decisions","Monitor with minimal effort; light-touch updates")))) -> Engage proactively; regular direct involvement
A10: SH-06 | B10: Risk Function | C10: Internal - Second Line | D10: 3 | E10: 4 | F10: =IF(OR(D10="",E10=""),"",IF(D10>=3,IF(E10>=3,"Manage Closely","Keep Satisfied"),IF(E10>=3,"Keep Informed","Monitor"))) -> Manage Closely | G10: =IF(F10="","",IF(F10="Manage Closely","Engage proactively; regular direct involvement",IF(F10="Keep Satisfied","Consult periodically; keep satisfied without over-engaging",IF(F10="Keep Informed","Communicate regularly; involve in relevant decisions","Monitor with minimal effort; light-touch updates")))) -> Engage proactively; regular direct involvement
A11: SH-07 | B11: Internal Audit | C11: Internal - Third Line | D11: 4 | E11: 3 | F11: =IF(OR(D11="",E11=""),"",IF(D11>=3,IF(E11>=3,"Manage Closely","Keep Satisfied"),IF(E11>=3,"Keep Informed","Monitor"))) -> Manage Closely | G11: =IF(F11="","",IF(F11="Manage Closely","Engage proactively; regular direct involvement",IF(F11="Keep Satisfied","Consult periodically; keep satisfied without over-engaging",IF(F11="Keep Informed","Communicate regularly; involve in relevant decisions","Monitor with minimal effort; light-touch updates")))) -> Engage proactively; regular direct involvement
A12: SH-08 | B12: Product & Proposition Teams | C12: Internal - First Line | D12: 3 | E12: 4 | F12: =IF(OR(D12="",E12=""),"",IF(D12>=3,IF(E12>=3,"Manage Closely","Keep Satisfied"),IF(E12>=3,"Keep Informed","Monitor"))) -> Manage Closely | G12: =IF(F12="","",IF(F12="Manage Closely","Engage proactively; regular direct involvement",IF(F12="Keep Satisfied","Consult periodically; keep satisfied without over-engaging",IF(F12="Keep Informed","Communicate regularly; involve in relevant decisions","Monitor with minimal effort; light-touch updates")))) -> Engage proactively; regular direct involvement
A13: SH-09 | B13: Customer Service / Operations | C13: Internal - First Line | D13: 2 | E13: 4 | F13: =IF(OR(D13="",E13=""),"",IF(D13>=3,IF(E13>=3,"Manage Closely","Keep Satisfied"),IF(E13>=3,"Keep Informed","Monitor"))) -> Keep Informed | G13: =IF(F13="","",IF(F13="Manage Closely","Engage proactively; regular direct involvement",IF(F13="Keep Satisfied","Consult periodically; keep satisfied without over-engaging",IF(F13="Keep Informed","Communicate regularly; involve in relevant decisions","Monitor with minimal effort; light-touch updates")))) -> Communicate regularly; involve in relevant decisions
A14: SH-10 | B14: Marketing & Communications | C14: Internal - First Line | D14: 2 | E14: 3 | F14: =IF(OR(D14="",E14=""),"",IF(D14>=3,IF(E14>=3,"Manage Closely","Keep Satisfied"),IF(E14>=3,"Keep Informed","Monitor"))) -> Keep Informed | G14: =IF(F14="","",IF(F14="Manage Closely","Engage proactively; regular direct involvement",IF(F14="Keep Satisfied","Consult periodically; keep satisfied without over-engaging",IF(F14="Keep Informed","Communicate regularly; involve in relevant decisions","Monitor with minimal effort; light-touch updates")))) -> Communicate regularly; involve in relevant decisions
A15: SH-11 | B15: External Auditors | C15: Third Party/Supplier | D15: 4 | E15: 2 | F15: =IF(OR(D15="",E15=""),"",IF(D15>=3,IF(E15>=3,"Manage Closely","Keep Satisfied"),IF(E15>=3,"Keep Informed","Monitor"))) -> Keep Satisfied | G15: =IF(F15="","",IF(F15="Manage Closely","Engage proactively; regular direct involvement",IF(F15="Keep Satisfied","Consult periodically; keep satisfied without over-engaging",IF(F15="Keep Informed","Communicate regularly; involve in relevant decisions","Monitor with minimal effort; light-touch updates")))) -> Consult periodically; keep satisfied without over-engaging
A16: SH-12 | B16: Distribution Partners | C16: Third Party/Supplier | D16: 3 | E16: 3 | F16: =IF(OR(D16="",E16=""),"",IF(D16>=3,IF(E16>=3,"Manage Closely","Keep Satisfied"),IF(E16>=3,"Keep Informed","Monitor"))) -> Manage Closely | G16: =IF(F16="","",IF(F16="Manage Closely","Engage proactively; regular direct involvement",IF(F16="Keep Satisfied","Consult periodically; keep satisfied without over-engaging",IF(F16="Keep Informed","Communicate regularly; involve in relevant decisions","Monitor with minimal effort; light-touch updates")))) -> Engage proactively; regular direct involvement
... A19: SH-15 | B19: Trade Body / Industry Forum | C19: Other External | D19: 2 | E19: 2 | F19: =IF(OR(D19="",E19=""),"",IF(D19>=3,IF(E19>=3,"Manage Closely","Keep Satisfied"),IF(E19>=3,"Keep Informed","Monitor"))) -> Monitor | G19: =IF(F19="","",IF(F19="Manage Closely","Engage proactively; regular direct involvement",IF(F19="Keep Satisfied","Consult periodically; keep satisfied without over-engaging",IF(F19="Keep Informed","Communicate regularly; involve in relevant decisions","Monitor with minimal effort; light-touch updates")))) -> Monitor with minimal effort; light-touch updates

Sheet Power-Interest Grid
A1: CD-F1 · Power / Interest Grid
A2: Auto-plots every stakeholder from the register — Power (Y axis) vs Interest (X axis)
A4: Stakeholder | B4: Interest (X) | C4: Power (Y)
A5: ='Stakeholder Register'!B5 -> Financial Conduct Authority (FCA) | B5: ='Stakeholder Register'!E5 -> 4 | C5: ='Stakeholder Register'!D5 -> 5
A6: ='Stakeholder Register'!B6 -> Board of Directors | B6: ='Stakeholder Register'!E6 -> 5 | C6: ='Stakeholder Register'!D6 -> 5
A7: ='Stakeholder Register'!B7 -> Consumer Duty Oversight Committee | B7: ='Stakeholder Register'!E7 -> 5 | C7: ='Stakeholder Register'!D7 -> 5
A8: ='Stakeholder Register'!B8 -> Senior Management Function (SMF) Holders | B8: ='Stakeholder Register'!E8 -> 5 | C8: ='Stakeholder Register'!D8 -> 5
A9: ='Stakeholder Register'!B9 -> Compliance Function | B9: ='Stakeholder Register'!E9 -> 5 | C9: ='Stakeholder Register'!D9 -> 3
A10: ='Stakeholder Register'!B10 -> Risk Function | B10: ='Stakeholder Register'!E10 -> 4 | C10: ='Stakeholder Register'!D10 -> 3
A11: ='Stakeholder Register'!B11 -> Internal Audit | B11: ='Stakeholder Register'!E11 -> 3 | C11: ='Stakeholder Register'!D11 -> 4
A12: ='Stakeholder Register'!B12 -> Product & Proposition Teams | B12: ='Stakeholder Register'!E12 -> 4 | C12: ='Stakeholder Register'!D12 -> 3
A13: ='Stakeholder Register'!B13 -> Customer Service / Operations | B13: ='Stakeholder Register'!E13 -> 4 | C13: ='Stakeholder Register'!D13 -> 2
A14: ='Stakeholder Register'!B14 -> Marketing & Communications | B14: ='Stakeholder Register'!E14 -> 3 | C14: ='Stakeholder Register'!D14 -> 2
A15: ='Stakeholder Register'!B15 -> External Auditors | B15: ='Stakeholder Register'!E15 -> 2 | C15: ='Stakeholder Register'!D15 -> 4
A16: ='Stakeholder Register'!B16 -> Distribution Partners | B16: ='Stakeholder Register'!E16 -> 3 | C16: ='Stakeholder Register'!D16 -> 3
... A19: ='Stakeholder Register'!B19 -> Trade Body / Industry Forum | B19: ='Stakeholder Register'!E19 -> 2 | C19: ='Stakeholder Register'!D19 -> 2
A21: Grid quadrants (informal): bottom-left = Monitor · bottom-right = Keep Informed · top-left = Keep Satisfied · top-right = Manage Closely.
