Workbook

Sheet Instructions
A1: CD-F1 · Gap Analysis Framework
A2: Consumer Duty Implementation — Foundation Phase
A4: Purpose
A5: This framework captures gaps between the firm's current state (as scored in the Current State Maturity Assessment Questionnaire) and the target state required by the FCA Consumer Duty, and tracks remediation through to closure.
A7: How to use this workbook
A8: 1. Log each identified gap in the Gap Register, one row per gap. 2. Describe the FCA expectation, the current state, and the target state clearly enough for an independent reviewer to understand the gap without further context. 3. Select Gap Severity and Status from the drop-downs — RAG status calculates automatically from these. 4. Assign an Owner and Target Date for every open gap. 5. Review the Summary Dashboard tab for gap volumes by severity, status, and outcome area.
A10: Severity definitions
A11: Critical — Material risk of customer harm or regulatory breach; requires immediate action. High — Significant shortfall against FCA expectations; action required within the current quarter. Medium — Moderate shortfall; should be addressed within the implementation roadmap timeline. Low — Minor enhancement opportunity; can be addressed as part of business-as-usual improvement.

Sheet Summary Dashboard
A1: CD-F1 · Gap Analysis Summary Dashboard
A2: Auto-calculates from the Gap Register
A4: Gaps by Severity | C4: Gaps by Status
A5: Severity | B5: Count | C5: Status | D5: Count
A6: Critical | B6: =COUNTIF('Gap Register'!G5:G34,A6) -> 0 | C6: Not Started | D6: =COUNTIF('Gap Register'!K5:K34,C6) -> 0
A7: High | B7: =COUNTIF('Gap Register'!G5:G34,A7) -> 1 | C7: In Progress | D7: =COUNTIF('Gap Register'!K5:K34,C7) -> 1
A8: Medium | B8: =COUNTIF('Gap Register'!G5:G34,A8) -> 0 | C8: Blocked | D8: =COUNTIF('Gap Register'!K5:K34,C8) -> 0
A9: Low | B9: =COUNTIF('Gap Register'!G5:G34,A9) -> 0 | C9: Complete | D9: =COUNTIF('Gap Register'!K5:K34,C9) -> 0
A11: Total Gaps Logged | B11: =COUNTA('Gap Register'!A5:A34) -> 30
A12: Open Critical/High Gaps | B12: =COUNTIFS('Gap Register'!G5:G34,"Critical",'Gap Register'!K5:K34,"<>Complete")+COUNTIFS('Gap Register'!G5:G34,"High",'Gap Register'!K5:K34,"<>Complete") -> 1
A14: Feed Critical and High severity gaps into the Priority Matrix & Action Plan (CD-F1) and the Implementation Roadmap (CD-P3).

Sheet Gap Register
A1: CD-F1 · Gap Register
A2: Log, prioritise, and track every identified Consumer Duty gap through to closure
A4: Ref | B4: Outcome / Area | C4: FCA Expectation | D4: Current State | E4: Target State | F4: Gap Description | G4: Severity | H4: Priority | I4: Owner | J4: Target Date | K4: Status | L4: RAG
A5: CD-GAP-01 | B5: Price and Value | C5: A documented Fair Value Assessment framework must be applied consistently. | D5: FVAs are performed inconsistently and not documented centrally. | E5: A single FVA framework and template applied across all in-scope products. | F5: No standard FVA methodology; assessments vary by product line and are not centrally evidenced. | G5: High | H5: P1 | I5: J. Smith | J5: 2026-09-30 | K5: In Progress | L5: =IF(K5="Complete","Closed",IF(OR(G5="Critical",AND(G5="High",K5="Not Started")),"Red",IF(OR(G5="High",G5="Medium"),"Amber",IF(G5="Low","Green","")))) -> Amber
A6: CD-GAP-02 | L6: =IF(K6="Complete","Closed",IF(OR(G6="Critical",AND(G6="High",K6="Not Started")),"Red",IF(OR(G6="High",G6="Medium"),"Amber",IF(G6="Low","Green",""))))
A7: CD-GAP-03 | L7: =IF(K7="Complete","Closed",IF(OR(G7="Critical",AND(G7="High",K7="Not Started")),"Red",IF(OR(G7="High",G7="Medium"),"Amber",IF(G7="Low","Green",""))))
A8: CD-GAP-04 | L8: =IF(K8="Complete","Closed",IF(OR(G8="Critical",AND(G8="High",K8="Not Started")),"Red",IF(OR(G8="High",G8="Medium"),"Amber",IF(G8="Low","Green",""))))
A9: CD-GAP-05 | L9: =IF(K9="Complete","Closed",IF(OR(G9="Critical",AND(G9="High",K9="Not Started")),"Red",IF(OR(G9="High",G9="Medium"),"Amber",IF(G9="Low","Green",""))))
A10: CD-GAP-06 | L10: =IF(K10="Complete","Closed",IF(OR(G10="Critical",AND(G10="High",K10="Not Started")),"Red",IF(OR(G10="High",G10="Medium"),"Amber",IF(G10="Low","Green",""))))
A11: CD-GAP-07 | L11: =IF(K11="Complete","Closed",IF(OR(G11="Critical",AND(G11="High",K11="Not Started")),"Red",IF(OR(G11="High",G11="Medium"),"Amber",IF(G11="Low","Green",""))))
A12: CD-GAP-08 | L12: =IF(K12="Complete","Closed",IF(OR(G12="Critical",AND(G12="High",K12="Not Started")),"Red",IF(OR(G12="High",G12="Medium"),"Amber",IF(G12="Low","Green",""))))
A13: CD-GAP-09 | L13: =IF(K13="Complete","Closed",IF(OR(G13="Critical",AND(G13="High",K13="Not Started")),"Red",IF(OR(G13="High",G13="Medium"),"Amber",IF(G13="Low","Green",""))))
A14: CD-GAP-10 | L14: =IF(K14="Complete","Closed",IF(OR(G14="Critical",AND(G14="High",K14="Not Started")),"Red",IF(OR(G14="High",G14="Medium"),"Amber",IF(G14="Low","Green",""))))
A15: CD-GAP-11 | L15: =IF(K15="Complete","Closed",IF(OR(G15="Critical",AND(G15="High",K15="Not Started")),"Red",IF(OR(G15="High",G15="Medium"),"Amber",IF(G15="Low","Green",""))))
A16: CD-GAP-12 | L16: =IF(K16="Complete","Closed",IF(OR(G16="Critical",AND(G16="High",K16="Not Started")),"Red",IF(OR(G16="High",G16="Medium"),"Amber",IF(G16="Low","Green",""))))
A17: CD-GAP-13 | L17: =IF(K17="Complete","Closed",IF(OR(G17="Critical",AND(G17="High",K17="Not Started")),"Red",IF(OR(G17="High",G17="Medium"),"Amber",IF(G17="Low","Green",""))))
... A34: CD-GAP-30 | L34: =IF(K34="Complete","Closed",IF(OR(G34="Critical",AND(G34="High",K34="Not Started")),"Red",IF(OR(G34="High",G34="Medium"),"Amber",IF(G34="Low","Green",""))))
