Workbook

Sheet Instructions
A1: CD-F2 · Regulatory Requirements Register
A2: Consumer Duty Implementation — Foundation Phase
A4: Purpose
A5: This register captures every FCA Consumer Duty requirement the firm is subject to, drawn from PRIN 2A, the Consumer Duty rules in PRIN 2A.1–2A.9, and supporting FCA guidance (FG22/5). It is the single source of truth that the Requirements Traceability Matrix (CD-F2) maps against the firm's policies and controls.
A7: How to use this workbook
A8: 1. Log every discrete requirement as its own row in the Requirements Register — keep each requirement atomic (one obligation per row) so it can be traced individually. 2. Record the FCA source reference precisely (e.g., PRIN 2A.4.7R) so requirements can be re-verified against the Handbook. 3. Select Compliance Status and Applicability from the drop-downs — RAG calculates automatically. 4. Review the Summary Dashboard tab for compliance coverage by outcome area.
A10: Compliance status definitions
A11: Compliant — Evidenced, consistently applied, and independently assured. Partially Compliant — Some evidence exists but application is inconsistent or unassured. Non-Compliant — No evidence of the requirement being met. Not Yet Assessed — Requirement logged but not yet reviewed.

Sheet Summary Dashboard
A1: CD-F2 · Requirements Register Summary
A2: Auto-calculates from the Requirements Register
A4: Outcome / Area | B4: Total Reqs | C4: Compliant | D4: Partially Compliant | E4: Non-Compliant
A5: Cross-Cutting Rules | B5: =COUNTIF('Requirements Register'!D5:D19,A5) -> 4 | C5: =COUNTIFS('Requirements Register'!D5:D19,A5,'Requirements Register'!F5:F19,"Compliant") -> 0 | D5: =COUNTIFS('Requirements Register'!D5:D19,A5,'Requirements Register'!F5:F19,"Partially Compliant") -> 0 | E5: =COUNTIFS('Requirements Register'!D5:D19,A5,'Requirements Register'!F5:F19,"Non-Compliant") -> 0
A6: Products and Services | B6: =COUNTIF('Requirements Register'!D5:D19,A6) -> 2 | C6: =COUNTIFS('Requirements Register'!D5:D19,A6,'Requirements Register'!F5:F19,"Compliant") -> 0 | D6: =COUNTIFS('Requirements Register'!D5:D19,A6,'Requirements Register'!F5:F19,"Partially Compliant") -> 0 | E6: =COUNTIFS('Requirements Register'!D5:D19,A6,'Requirements Register'!F5:F19,"Non-Compliant") -> 0
A7: Price and Value | B7: =COUNTIF('Requirements Register'!D5:D19,A7) -> 2 | C7: =COUNTIFS('Requirements Register'!D5:D19,A7,'Requirements Register'!F5:F19,"Compliant") -> 0 | D7: =COUNTIFS('Requirements Register'!D5:D19,A7,'Requirements Register'!F5:F19,"Partially Compliant") -> 0 | E7: =COUNTIFS('Requirements Register'!D5:D19,A7,'Requirements Register'!F5:F19,"Non-Compliant") -> 0
A8: Consumer Understanding | B8: =COUNTIF('Requirements Register'!D5:D19,A8) -> 2 | C8: =COUNTIFS('Requirements Register'!D5:D19,A8,'Requirements Register'!F5:F19,"Compliant") -> 0 | D8: =COUNTIFS('Requirements Register'!D5:D19,A8,'Requirements Register'!F5:F19,"Partially Compliant") -> 0 | E8: =COUNTIFS('Requirements Register'!D5:D19,A8,'Requirements Register'!F5:F19,"Non-Compliant") -> 0
A9: Consumer Support | B9: =COUNTIF('Requirements Register'!D5:D19,A9) -> 3 | C9: =COUNTIFS('Requirements Register'!D5:D19,A9,'Requirements Register'!F5:F19,"Compliant") -> 0 | D9: =COUNTIFS('Requirements Register'!D5:D19,A9,'Requirements Register'!F5:F19,"Partially Compliant") -> 0 | E9: =COUNTIFS('Requirements Register'!D5:D19,A9,'Requirements Register'!F5:F19,"Non-Compliant") -> 0
A10: Governance and MI | B10: =COUNTIF('Requirements Register'!D5:D19,A10) -> 2 | C10: =COUNTIFS('Requirements Register'!D5:D19,A10,'Requirements Register'!F5:F19,"Compliant") -> 0 | D10: =COUNTIFS('Requirements Register'!D5:D19,A10,'Requirements Register'!F5:F19,"Partially Compliant") -> 0 | E10: =COUNTIFS('Requirements Register'!D5:D19,A10,'Requirements Register'!F5:F19,"Non-Compliant") -> 0
A12: Total Requirements | B12: =COUNTA('Requirements Register'!A5:A19) -> 15
A13: % Fully Compliant | B13: =IFERROR(COUNTIF('Requirements Register'!F5:F19,"Compliant")/COUNTA('Requirements Register'!A5:A19),0) -> 0
A15: Every Non-Compliant or Partially Compliant requirement should have a corresponding entry in the Gap Analysis Framework (CD-F1) and the Requirements Traceability Matrix (CD-F2).

Sheet Requirements Register
A1: CD-F2 · Regulatory Requirements Register
A2: One row per discrete FCA requirement — traced to policies and controls in the Traceability Matrix
A4: Ref | B4: FCA Source Reference | C4: Requirement Description | D4: Outcome / Area | E4: Applicability | F4: Compliance Status | G4: Evidence Reference | H4: Owner | I4: Last Reviewed | J4: RAG
A5: REQ-01 | B5: PRIN 2A.2.1R | C5: The firm must act to deliver good outcomes for retail customers (the Consumer Duty). | D5: Cross-Cutting Rules | E5: Firm-wide | J5: =IF(F5="","",IF(F5="Compliant","Green",IF(F5="Partially Compliant","Amber",IF(F5="Non-Compliant","Red","Grey"))))
A6: REQ-02 | B6: PRIN 2A.2.9R | C6: The firm must act in good faith towards retail customers. | D6: Cross-Cutting Rules | E6: Firm-wide | J6: =IF(F6="","",IF(F6="Compliant","Green",IF(F6="Partially Compliant","Amber",IF(F6="Non-Compliant","Red","Grey"))))
A7: REQ-03 | B7: PRIN 2A.2.13R | C7: The firm must avoid causing foreseeable harm to retail customers. | D7: Cross-Cutting Rules | E7: Firm-wide | J7: =IF(F7="","",IF(F7="Compliant","Green",IF(F7="Partially Compliant","Amber",IF(F7="Non-Compliant","Red","Grey"))))
A8: REQ-04 | B8: PRIN 2A.2.17R | C8: The firm must enable and support retail customers to pursue their financial objectives. | D8: Cross-Cutting Rules | E8: Firm-wide | J8: =IF(F8="","",IF(F8="Compliant","Green",IF(F8="Partially Compliant","Amber",IF(F8="Non-Compliant","Red","Grey"))))
A9: REQ-05 | B9: PRIN 2A.3.6R | C9: Products and services must be designed to meet the needs, characteristics, and objectives of an identified target market. | D9: Products and Services | E9: Manufacturer only | J9: =IF(F9="","",IF(F9="Compliant","Green",IF(F9="Partially Compliant","Amber",IF(F9="Non-Compliant","Red","Grey"))))
A10: REQ-06 | B10: PRIN 2A.3.11R | C10: Distribution strategies must be appropriate to ensure products reach the intended target market. | D10: Products and Services | E10: Distributor only | J10: =IF(F10="","",IF(F10="Compliant","Green",IF(F10="Partially Compliant","Amber",IF(F10="Non-Compliant","Red","Grey"))))
A11: REQ-07 | B11: PRIN 2A.4.1R | C11: Products and services must provide fair value to retail customers. | D11: Price and Value | E11: Manufacturer only | J11: =IF(F11="","",IF(F11="Compliant","Green",IF(F11="Partially Compliant","Amber",IF(F11="Non-Compliant","Red","Grey"))))
A12: REQ-08 | B12: PRIN 2A.4.14R | C12: Firms must assess whether the price a customer pays is reasonable relative to the benefits. | D12: Price and Value | E12: Manufacturer only | J12: =IF(F12="","",IF(F12="Compliant","Green",IF(F12="Partially Compliant","Amber",IF(F12="Non-Compliant","Red","Grey"))))
A13: REQ-09 | B13: PRIN 2A.5.4R | C13: Communications must be designed to be understood by, and to meet the needs of, the intended recipients. | D13: Consumer Understanding | E13: Firm-wide | J13: =IF(F13="","",IF(F13="Compliant","Green",IF(F13="Partially Compliant","Amber",IF(F13="Non-Compliant","Red","Grey"))))
A14: REQ-10 | B14: PRIN 2A.5.9R | C14: Firms must test communications to ensure they support customer understanding, where proportionate. | D14: Consumer Understanding | E14: Firm-wide | J14: =IF(F14="","",IF(F14="Compliant","Green",IF(F14="Partially Compliant","Amber",IF(F14="Non-Compliant","Red","Grey"))))
A15: REQ-11 | B15: PRIN 2A.6.2R | C15: Support must be provided that meets retail customers' needs, including enabling them to act in their own interests. | D15: Consumer Support | E15: Firm-wide | J15: =IF(F15="","",IF(F15="Compliant","Green",IF(F15="Partially Compliant","Amber",IF(F15="Non-Compliant","Red","Grey"))))
A16: REQ-12 | B16: PRIN 2A.6.8R | C16: Firms must ensure customers can switch, cancel, or complain as easily as they bought a product. | D16: Consumer Support | E16: Firm-wide | J16: =IF(F16="","",IF(F16="Compliant","Green",IF(F16="Partially Compliant","Amber",IF(F16="Non-Compliant","Red","Grey"))))
... A19: REQ-15 | B19: FG22/5 Ch.3 | C19: Firms should identify and record the needs of customers with characteristics of vulnerability. | D19: Consumer Support | E19: Firm-wide | J19: =IF(F19="","",IF(F19="Compliant","Green",IF(F19="Partially Compliant","Amber",IF(F19="Non-Compliant","Red","Grey"))))
