Workbook

Sheet Instructions
A1: CD-F2 · Requirements Traceability Matrix
A2: Consumer Duty Implementation — Foundation Phase
A4: Purpose
A5: This matrix traces each requirement in the Regulatory Requirements Register (CD-F2) through to the specific policy, procedure, control, and evidence that demonstrates compliance — creating a defensible, auditable chain from FCA rule to firm evidence.
A7: How to use this workbook
A8: 1. Enter the Requirement Ref exactly as it appears in the Requirements Register so the Requirement Summary pulls through automatically. 2. Record the specific Policy/Procedure and Control reference that addresses the requirement. 3. Record where the evidence is held (document management system, MI pack, etc.). 4. Select a Coverage Status — Full, Partial, or None — for each requirement; this drives the RAG rating. 5. Where coverage is Partial or None, add the linked Gap Ref from the Gap Analysis Framework (CD-F1).
A10: Coverage status definitions
A11: Full — A named policy, procedure, and control fully addresses the requirement, with evidence available. Partial — Some elements are addressed but coverage is incomplete or evidence is weak. None — No policy, procedure, or control currently addresses the requirement.

Sheet Summary Dashboard
A1: CD-F2 · Traceability Coverage Summary
A2: Auto-calculates from the Traceability Matrix
A4: Coverage Status | B4: Count | C4: % of Total
A5: Full | B5: =COUNTIF('Traceability Matrix'!G5:G19,A5) -> 6 | C5: =IFERROR(B5/COUNTA('Traceability Matrix'!A5:A19),0) -> 0.4
A6: Partial | B6: =COUNTIF('Traceability Matrix'!G5:G19,A6) -> 6 | C6: =IFERROR(B6/COUNTA('Traceability Matrix'!A5:A19),0) -> 0.4
A7: None | B7: =COUNTIF('Traceability Matrix'!G5:G19,A7) -> 3 | C7: =IFERROR(B7/COUNTA('Traceability Matrix'!A5:A19),0) -> 0.2
A9: Total Requirements Traced | B9: =COUNTA('Traceability Matrix'!A5:A19) -> 15
A10: Requirements with Linked Gaps | B10: =COUNTIF('Traceability Matrix'!H5:H19,"?*") -> 9
A12: Any requirement with Partial or None coverage must have a corresponding entry in the Gap Analysis Framework (CD-F1).

Sheet Traceability Matrix
A1: CD-F2 · Requirements Traceability Matrix
A2: Traces each requirement to the policy, control, and evidence that demonstrates compliance
A4: Ref | B4: Requirement Ref | C4: Requirement Summary | D4: Policy / Procedure Reference | E4: Control Reference | F4: Evidence Location | G4: Coverage Status | H4: Linked Gap Ref | I4: RAG
A5: TRACE-01 | B5: REQ-01 | C5: The firm must act to deliver good outcomes for retail customers. | D5: Consumer Duty Policy v2.0 | E5: CD-CTRL-01 Outcomes Monitoring | F5: Compliance SharePoint / CD Policy Library | G5: Full | I5: =IF(G5="","",IF(G5="Full","Green",IF(G5="Partial","Amber","Red"))) -> Green
A6: TRACE-02 | B6: REQ-02 | C6: The firm must act in good faith towards retail customers. | D6: Consumer Duty Policy v2.0 | E6: CD-CTRL-02 Good Faith Checklist | F6: Compliance SharePoint | G6: Full | I6: =IF(G6="","",IF(G6="Full","Green",IF(G6="Partial","Amber","Red"))) -> Green
A7: TRACE-03 | B7: REQ-03 | C7: The firm must avoid causing foreseeable harm to retail customers. | D7: Product Governance Policy v3.1 | E7: CD-CTRL-03 Harm Assessment | F7: Product Governance Log | G7: Partial | H7: CD-GAP-04 | I7: =IF(G7="","",IF(G7="Full","Green",IF(G7="Partial","Amber","Red"))) -> Amber
A8: TRACE-04 | B8: REQ-04 | C8: The firm must enable and support customers to pursue their financial objectives. | D8: Not yet documented | E8: None identified | F8: N/A | G8: None | H8: CD-GAP-05 | I8: =IF(G8="","",IF(G8="Full","Green",IF(G8="Partial","Amber","Red"))) -> Red
A9: TRACE-05 | B9: REQ-05 | C9: Products must be designed to meet the needs of an identified target market. | D9: Product Approval Policy v1.4 | E9: CD-CTRL-05 Target Market Definition | F9: Product Approval Records | G9: Full | I9: =IF(G9="","",IF(G9="Full","Green",IF(G9="Partial","Amber","Red"))) -> Green
A10: TRACE-06 | B10: REQ-06 | C10: Distribution strategies must ensure products reach the intended target market. | D10: Distribution Strategy Policy v1.0 | E10: CD-CTRL-06 Distribution Review | F10: Distribution Governance Log | G10: Partial | H10: CD-GAP-07 | I10: =IF(G10="","",IF(G10="Full","Green",IF(G10="Partial","Amber","Red"))) -> Amber
A11: TRACE-07 | B11: REQ-07 | C11: Products and services must provide fair value to retail customers. | D11: Fair Value Assessment Policy v1.2 | E11: CD-CTRL-07 FVA Framework | F11: FVA Central Repository | G11: Partial | H11: CD-GAP-01 | I11: =IF(G11="","",IF(G11="Full","Green",IF(G11="Partial","Amber","Red"))) -> Amber
A12: TRACE-08 | B12: REQ-08 | C12: Firms must assess whether the price paid is reasonable relative to benefits. | D12: Fair Value Assessment Policy v1.2 | E12: CD-CTRL-08 Price Benchmarking | F12: FVA Central Repository | G12: Partial | H12: CD-GAP-01 | I12: =IF(G12="","",IF(G12="Full","Green",IF(G12="Partial","Amber","Red"))) -> Amber
A13: TRACE-09 | B13: REQ-09 | C13: Communications must be designed to be understood by the intended recipients. | D13: Customer Communications Standard v2.0 | E13: CD-CTRL-09 Comms Testing | F13: Comms Testing Log | G13: Full | I13: =IF(G13="","",IF(G13="Full","Green",IF(G13="Partial","Amber","Red"))) -> Green
A14: TRACE-10 | B14: REQ-10 | C14: Firms must test communications to ensure they support customer understanding. | D14: Customer Communications Standard v2.0 | E14: CD-CTRL-10 Readability Testing | F14: Comms Testing Log | G14: Partial | H14: CD-GAP-09 | I14: =IF(G14="","",IF(G14="Full","Green",IF(G14="Partial","Amber","Red"))) -> Amber
A15: TRACE-11 | B15: REQ-11 | C15: Support must be provided that meets retail customers' needs. | D15: Customer Service Standards v1.5 | E15: CD-CTRL-11 Service Monitoring | F15: Service MI Pack | G15: Full | I15: =IF(G15="","",IF(G15="Full","Green",IF(G15="Partial","Amber","Red"))) -> Green
A16: TRACE-12 | B16: REQ-12 | C16: Customers must be able to switch, cancel, or complain as easily as they bought. | D16: Not yet documented | E16: None identified | F16: N/A | G16: None | H16: CD-GAP-12 | I16: =IF(G16="","",IF(G16="Full","Green",IF(G16="Partial","Amber","Red"))) -> Red
A17: TRACE-13 | B17: REQ-13 | C17: Firms must monitor and regularly review outcomes customers are experiencing. | D17: Consumer Duty MI Framework v1.0 | E17: CD-CTRL-13 Outcomes MI | F17: Board MI Pack | G17: Partial | H17: CD-GAP-02 | I17: =IF(G17="","",IF(G17="Full","Green",IF(G17="Partial","Amber","Red"))) -> Amber
A18: TRACE-14 | B18: REQ-14 | C18: The Board must review and approve an annual Consumer Duty report. | D18: Board Governance Framework v4.0 | E18: CD-CTRL-14 Annual Report Sign-off | F18: Board Minutes | G18: Full | I18: =IF(G18="","",IF(G18="Full","Green",IF(G18="Partial","Amber","Red"))) -> Green
A19: TRACE-15 | B19: REQ-15 | C19: Firms should identify and record needs of customers with characteristics of vulnerability. | D19: Vulnerable Customer Policy (Draft) | E19: CD-CTRL-15 Vulnerability Identification | F19: Not yet centralised | G19: None | H19: CD-GAP-03 | I19: =IF(G19="","",IF(G19="Full","Green",IF(G19="Partial","Amber","Red"))) -> Red
